"first_name","last_name"
Arie,Fabrizio
Manu,Fabrizio
Magdalena,Fabrizio
Sudharsan,Fabrizio
Anoosh,Fabrizio
Siamak,Fabrizio
Jongsuk,Fabrizio
Steen,Fabrizio
Spyrose,Fabrizio
Danae,Fabrizio
Takahito,Fabrizio
Kristen,Fabrizio
Tamiya,Fabrizio
Marit,Fabrizio
Genki,Fabrizio
Wuxu,Fabrizio
Masoud,Fabrizio
Raimond,Fabrizio
Peer,Fabrizio
Jiakeng,Fabrizio
Bilhanan,Fabrizio
Amalendu,Fabrizio
Anneli,Fabrizio
Gurbir,Fabrizio
Shmuel,Fabrizio
Henk,Fabrizio
Yonghong,Fabrizio
Nevin,Fabrizio
Lillian,Fabrizio
Augustine,Fabrizio
Tzu,Fabrizio
Zhaofang,Fabrizio
Aimee,Fabrizio
Jacqueline,Fabrizio
Sugwoo,Fabrizio
Teiji,Fabrizio
Hailing,Fabrizio
Sangeeta,Fabrizio
Zissis,Fabrizio
Eirik,Fabrizio
Kendra,Fabrizio
Jiong,Fabrizio
Arunas,Fabrizio
Shem,Fabrizio
Charlene,Fabrizio
Eran,Fabrizio
Jaewon,Fabrizio
Shimshon,Fabrizio
Gunilla,Fabrizio
Aiichiro,Fabrizio
